time,Aim Mode,CurrentRoll,CurrentYaw,FPS / Frame,Heading,HeadingPID_kD,HeadingPID_kI,HeadingPID_kP,LeftStickX,LeftStickY,PreSpeed,RawTargetRoll,RightStickX,Roll,RollPower,Shooting,Sweeper Current,Sweeper Power*1000,Sweeper Velocity,Target Speed,TargetRoll,TargetYaw,Team,Time: Chassis,Time: RobotPos,Time: Sweeper,Time: Telemetry,Time: Turret,X,Y,Yaw,lbP,lbV,lfP,lfV,rbP,rbV,rfP,rfV,setPower: Chassis,setPower: Shooter,setPower: Sweeper,setPower: Turret,useNoHeadMode,logs
14:17:10.288,MANUAL,0.0,50.0,14.0 / 71.2 ms,1.0928302672020407E-4,0.05,0.1,3.0,0.0,0.0,0,0.0,0.0,0.00 deg,0.0,IDLE,0.003,-0.0,-0.0,0,0.0,50.0,BLUE,53 us,20695 us,30 us,63 us,9485 us,9.382941451209679E-6,-7.2713731879764424E-6,50.00 deg,0.0,0.0,0.0,0.0,0.0,-0.0,-0.0,-0.0,0.0 us,0.0 us,0.0 us,0.0 us,false,""
14:17:10.334,MANUAL,0.0,50.0,24.0 / 41.6 ms,1.1269812130521034E-4,0.05,0.1,3.0,0.0,0.0,0,0.0,0.0,0.00 deg,0.0,IDLE,0.003,-0.0,-0.0,0,0.0,50.0,BLUE,56 us,17603 us,30 us,35 us,9491 us,9.676158532690932E-6,-7.4986030629975354E-6,50.00 deg,0.0,0.0,0.0,0.0,0.0,-0.0,-0.0,-0.0,0.0 us,0.0 us,0.0 us,0.0 us,false,""
14:17:10.379,MANUAL,0.0,50.0,21.7 / 46.0 ms,1.0928302672020407E-4,0.05,0.1,3.0,0.0,0.0,0,0.0,0.0,0.00 deg,0.0,IDLE,0.0,-0.0,-0.0,0,0.0,50.0,BLUE,53 us,22873 us,212 us,7823 us,10077 us,9.382941451209679E-6,-7.2713731879764424E-6,50.00 deg,0.0,0.0,0.0,0.0,0.0,-0.0,-0.0,-0.0,0.0 us,0.0 us,0.0 us,0.0 us,false,""
14:17:10.422,MANUAL,0.0,50.0,22.5 / 44.4 ms,1.1269812130521034E-4,0.05,0.1,3.0,0.0,0.0,0,0.0,0.0,0.00 deg,0.0,IDLE,0.003,-0.0,-0.0,0,0.0,50.0,BLUE,55 us,20361 us,30 us,34 us,10975 us,9.676158532690932E-6,-7.4986030629975354E-6,50.00 deg,0.0,0.0,0.0,0.0,0.0,-0.0,-0.0,-0.0,0.0 us,0.0 us,0.0 us,0.0 us,false,""
14:17:10.469,MANUAL,0.0,50.0,23.1 / 43.4 ms,1.0928302672020407E-4,0.05,0.1,3.0,0.0,0.0,0,0.0,0.0,0.00 deg,0.0,IDLE,0.0,-0.0,-0.0,0,0.0,50.0,BLUE,75 us,20294 us,32 us,38 us,14204 us,9.382941451209679E-6,-7.2713731879764424E-6,50.00 deg,0.0,0.0,0.0,0.0,0.0,-0.0,-0.0,-0.0,0.0 us,0.0 us,0.0 us,0.0 us,false,""
14:17:10.515,MANUAL,0.0,50.0,21.4 / 46.8 ms,1.0928302672020407E-4,0.05,0.1,3.0,0.0,0.0,0,0.0,0.0,0.00 deg,0.0,IDLE,0.003,-0.0,-0.0,0,0.0,50.0,BLUE,59 us,23304 us,37 us,37 us,10021 us,9.382941451209679E-6,-7.2713731879764424E-6,50.00 deg,0.0,0.0,0.0,0.0,0.0,-0.0,-0.0,-0.0,0.0 us,0.0 us,0.0 us,0.0 us,false,""
14:17:10.554,MANUAL,0.0,50.0,21.9 / 45.6 ms,9.903774296518489E-5,0.05,0.1,3.0,0.0,0.0,0,0.0,0.0,0.00 deg,0.0,IDLE,0.003,-0.0,-0.0,0,0.0,50.0,BLUE,65 us,16937 us,36 us,45 us,9782 us,8.50328963385587E-6,-6.589683562913162E-6,50.00 deg,0.0,0.0,0.0,0.0,0.0,-0.0,-0.0,-0.0,0.0 us,0.0 us,0.0 us,0.0 us,false,""
14:17:10.612,MANUAL,0.0,50.0,25.5 / 39.2 ms,9.562264838017851E-5,0.05,0.1,3.0,0.0,0.0,0,0.0,0.0,0.00 deg,0.0,IDLE,0.003,-0.0,-0.0,0,0.0,50.0,BLUE,68 us,22420 us,35 us,41 us,9926 us,8.210072552374616E-6,-6.362453687892069E-6,50.00 deg,0.0,0.0,0.0,0.0,0.0,-0.0,-0.0,-0.0,0.0 us,0.0 us,0.0 us,0.0 us,false,""
14:17:10.655,MANUAL,0.0,50.0,17.1 / 58.6 ms,9.562264838017851E-5,0.05,0.1,3.0,0.0,0.0,0,0.0,0.0,0.00 deg,0.0,IDLE,0.0,-0.0,-0.0,0,0.0,50.0,BLUE,57 us,19646 us,36 us,14212 us,9934 us,8.210072552374616E-6,-6.362453687892069E-6,50.00 deg,0.0,0.0,0.0,0.0,0.0,-0.0,-0.0,-0.0,0.0 us,0.0 us,0.0 us,0.0 us,false,""
14:17:10.696,MANUAL,0.0,50.0,23.5 / 42.6 ms,9.562264838017851E-5,0.05,0.1,3.0,0.0,0.0,0,0.0,0.0,0.00 deg,0.0,IDLE,0.003,-0.0,-0.0,0,0.0,50.0,BLUE,58 us,18651 us,38 us,43 us,9852 us,8.210072552374616E-6,-6.362453687892069E-6,50.00 deg,0.0,0.0,0.0,0.0,0.0,-0.0,-0.0,-0.0,0.0 us,0.0 us,0.0 us,0.0 us,false,""
14:17:10.757,MANUAL,0.0,50.0,24.5 / 40.8 ms,9.562264838017851E-5,0.05,0.1,3.0,0.0,0.0,0,0.0,0.0,0.00 deg,0.0,IDLE,0.003,-0.0,-0.0,0,0.0,50.0,BLUE,60 us,19017 us,36 us,44 us,13197 us,8.210071406554519E-6,-6.362454833712165E-6,50.00 deg,0.0,0.0,0.0,0.0,-0.0,-0.0,-0.0,-0.0,0.0 us,0.0 us,0.0 us,0.0 us,false,""
14:17:10.800,MANUAL,0.0,50.0,16.5 / 60.8 ms,9.562264838017851E-5,0.05,0.1,3.0,0.0,0.0,0,0.0,0.0,0.00 deg,0.0,IDLE,0.003,-0.0,-0.0,0,0.0,50.0,BLUE,72 us,19028 us,43 us,54 us,10442 us,8.210071406554519E-6,-6.362454833712165E-6,50.00 deg,0.0,0.0,0.0,0.0,-0.0,-0.0,-0.0,-0.0,0.0 us,0.0 us,0.0 us,0.0 us,false,""
14:17:10.842,MANUAL,0.0,50.0,23.1 / 43.2 ms,8.53773646251594E-5,0.05,0.1,3.0,0.0,0.0,0,0.0,0.0,0.00 deg,0.0,IDLE,0.003,-0.0,-0.0,0,0.0,50.0,BLUE,88 us,17540 us,44 us,70 us,10623 us,7.33041958920071E-6,-5.680765208648885E-6,50.00 deg,0.0,0.0,0.0,0.0,-0.0,-0.0,-0.0,-0.0,0.0 us,0.0 us,0.0 us,0.0 us,false,""
14:17:10.909,MANUAL,0.0,50.0,23.8 / 42.1 ms,8.53773646251594E-5,0.05,0.1,3.0,0.0,0.0,0,0.0,0.0,0.00 deg,0.0,IDLE,0.0,-0.0,-0.0,0,0.0,50.0,BLUE,90 us,19688 us,46 us,53 us,18741 us,7.33041958920071E-6,-5.680765208648885E-6,50.00 deg,0.0,0.0,0.0,0.0,-0.0,-0.0,-0.0,-0.0,0.0 us,0.0 us,0.0 us,0.0 us,false,""
14:17:10.950,MANUAL,0.0,50.0,14.8 / 67.6 ms,7.854717545514663E-5,0.05,0.1,3.0,0.0,0.0,0,0.0,0.0,0.00 deg,0.0,IDLE,0.003,-0.0,-0.0,0,0.0,50.0,BLUE,58 us,19735 us,36 us,13971 us,9827 us,6.743983134598009E-6,-5.226305458606698E-6,50.00 deg,0.0,0.0,0.0,0.0,-0.0,-0.0,-0.0,-0.0,0.0 us,0.0 us,0.0 us,0.0 us,false,""
14:17:11.100,MANUAL,0.0,50.0,24.9 / 40.1 ms,7.854717545514663E-5,0.05,0.1,3.0,0.0,0.0,0,0.0,0.0,0.00 deg,0.0,IDLE,0.003,-0.0,-0.0,0,0.0,50.0,BLUE,69 us,21943 us,35 us,42 us,14659 us,6.743982561687961E-6,-5.226305458606698E-6,50.00 deg,0.0,0.0,0.0,0.0,-0.0,-0.0,-0.0,-0.0,0.0 us,0.0 us,0.0 us,0.0 us,false,""
14:17:11.470,MANUAL,0.0,50.0,19.6 / 51.1 ms,8.196227004015301E-5,0.05,0.1,3.0,0.0,0.0,0,0.0,0.0,0.00 deg,0.0,IDLE,0.0,-0.0,-0.0,0,0.0,50.0,BLUE,288 us,20960 us,135 us,42 us,10677 us,7.037198497349118E-6,-5.4535364794478876E-6,50.00 deg,0.0,0.0,0.0,0.0,-0.0,-0.0,-0.0,-0.0,0.0 us,0.0 us,0.0 us,0.0 us,false,""
14:17:11.960,MANUAL,0.0,50.0,21.6 / 46.3 ms,8.53773646251594E-5,0.05,0.1,3.0,0.0,0.0,0,0.0,0.0,0.00 deg,0.0,IDLE,0.003,-0.0,-0.0,0,0.0,50.0,BLUE,67 us,21891 us,45 us,53 us,12033 us,7.330415005920324E-6,-5.680766354468981E-6,50.00 deg,0.0,0.0,0.0,0.0,-0.0,-0.0,-0.0,-0.0,0.0 us,0.0 us,0.0 us,0.0 us,false,""
14:17:11.141,MANUAL,0.0,50.0,20.3 / 49.3 ms,8.53773646251594E-5,0.05,0.1,3.0,0.0,0.0,0,0.0,0.0,0.00 deg,0.0,IDLE,0.003,-0.0,-0.0,0,0.0,50.0,BLUE,89 us,19422 us,44 us,52 us,10693 us,7.330415005920324E-6,-5.68076692737903E-6,50.00 deg,0.0,0.0,0.0,0.0,-0.0,-0.0,-0.0,-0.0,0.0 us,0.0 us,0.0 us,0.0 us,false,""
14:17:11.197,MANUAL,0.0,50.0,22.3 / 44.9 ms,9.562264838017851E-5,0.05,0.1,3.0,0.0,0.0,0,0.0,0.0,0.00 deg,0.0,IDLE,0.003,-0.0,-0.0,0,0.0,50.0,BLUE,71 us,18323 us,44 us,48 us,10498 us,8.210066823274132E-6,-6.362458844082504E-6,50.00 deg,0.0,0.0,0.0,0.0,-0.0,-0.0,-0.0,-0.0,0.0 us,0.0 us,0.0 us,0.0 us,false,""
14:17:11.259,MANUAL,0.0,50.0,17.9 / 55.8 ms,1.0586793213519766E-4,0.05,0.1,3.0,0.0,0.0,0,0.0,0.0,0.00 deg,0.0,IDLE,0.003,-0.0,-0.0,0,0.0,50.0,BLUE,68 us,21031 us,46 us,14274 us,13057 us,9.089718640627941E-6,-7.044148469145784E-6,50.00 deg,0.0,0.0,0.0,0.0,-0.0,-0.0,-0.0,-0.0,0.0 us,0.0 us,0.0 us,0.0 us,false,""
14:17:11.311,MANUAL,0.0,50.0,16.1 / 61.9 ms,9.903774296518489E-5,0.05,0.1,3.0,0.0,0.0,0,0.0,0.0,0.00 deg,0.0,IDLE,0.003,-0.0,-0.0,0,0.0,50.0,BLUE,67 us,20638 us,62 us,56 us,12568 us,8.503284477665435E-6,-6.589688719103597E-6,50.00 deg,0.0,0.0,0.0,0.0,-0.0,-0.0,-0.0,-0.0,0.0 us,0.0 us,0.0 us,0.0 us,false,""
14:17:11.359,MANUAL,0.0,50.0,19.2 / 52.0 ms,9.562264838017851E-5,0.05,0.1,3.0,0.0,0.0,0,0.0,0.0,0.00 deg,0.0,IDLE,0.0,-0.0,-0.0,0,0.0,50.0,BLUE,86 us,22723 us,44 us,70 us,10653 us,8.21006739618418E-6,-6.362458844082504E-6,50.00 deg,0.0,0.0,0.0,0.0,-0.0,-0.0,-0.0,-0.0,0.0 us,0.0 us,0.0 us,0.0 us,false,""
14:17:11.408,MANUAL,0.0,50.0,20.9 / 47.9 ms,9.903774296518489E-5,0.05,0.1,3.0,0.0,0.0,0,0.0,0.0,0.00 deg,0.0,IDLE,0.003,-0.0,-0.0,0,0.0,50.0,BLUE,74 us,20415 us,47 us,55 us,10675 us,8.503284477665435E-6,-6.589688719103597E-6,50.00 deg,0.0,0.0,0.0,0.0,-0.0,-0.0,-0.0,-0.0,0.0 us,0.0 us,0.0 us,0.0 us,false,""
14:17:11.465,MANUAL,0.0,50.0,20.4 / 49.0 ms,1.1611321589021677E-4,0.05,0.1,3.0,0.0,0.0,0,0.0,0.0,0.00 deg,0.0,IDLE,0.003,-0.0,-0.0,0,0.0,50.0,BLUE,69 us,18392 us,45 us,70 us,10579 us,9.96937045798175E-6,-7.72583924002916E-6,50.00 deg,0.0,0.0,0.0,0.0,-0.0,-0.0,-0.0,-0.0,0.0 us,0.0 us,0.0 us,0.0 us,false,""
14:17:11.517,MANUAL,0.0,50.0,17.3 / 57.9 ms,1.1269812130521034E-4,0.05,0.1,3.0,0.0,0.0,0,0.0,0.0,0.00 deg,0.0,IDLE,0.0,-0.0,-0.0,0,0.0,50.0,BLUE,58 us,21619 us,35 us,13101 us,17253 us,9.676152803590448E-6,-7.498609365008068E-6,50.00 deg,0.0,0.0,0.0,0.0,-0.0,-0.0,-0.0,-0.0,0.0 us,0.0 us,0.0 us,0.0 us,false,""
14:17:11.563,MANUAL,0.0,50.0,19.5 / 51.3 ms,1.1269812130521034E-4,0.05,0.1,3.0,0.0,0.0,0,0.0,0.0,0.00 deg,0.0,IDLE,0.003,-0.0,-0.0,0,0.0,50.0,BLUE,54 us,21140 us,45 us,43 us,10518 us,9.676152803590448E-6,-7.498609365008068E-6,50.00 deg,0.0,0.0,0.0,0.0,-0.0,-0.0,-0.0,-0.0,0.0 us,0.0 us,0.0 us,0.0 us,false,""
14:17:11.611,MANUAL,0.0,50.0,21.7 / 46.2 ms,1.1611321589021677E-4,0.05,0.1,3.0,0.0,0.0,0,0.0,0.0,0.00 deg,0.0,IDLE,0.003,-0.0,-0.0,0,0.0,50.0,BLUE,70 us,18553 us,45 us,55 us,10747 us,9.969369312161653E-6,-7.72583924002916E-6,50.00 deg,0.0,0.0,0.0,0.0,-0.0,-0.0,-0.0,-0.0,0.0 us,0.0 us,0.0 us,0.0 us,false,""
14:17:11.656,MANUAL,0.0,50.0,21.0 / 47.6 ms,1.1952831047522314E-4,0.05,0.1,3.0,0.0,0.0,0,0.0,0.0,0.00 deg,0.0,IDLE,0.003,-0.0,-0.0,0,0.0,50.0,BLUE,70 us,18320 us,45 us,50 us,10879 us,1.0262588112373052E-5,-7.953070260870352E-6,50.00 deg,0.0,0.0,0.0,0.0,-0.0,-0.0,-0.0,-0.0,0.0 us,0.0 us,0.0 us,0.0 us,false,""
14:17:11.701,MANUAL,0.0,50.0,21.9 / 45.6 ms,1.3318868881524864E-4,0.05,0.1,3.0,0.0,0.0,0,0.0,0.0,0.00 deg,0.0,IDLE,0.003,-0.0,-0.0,0,0.0,50.0,BLUE,68 us,18264 us,47 us,83 us,11817 us,1.143545872993826E-5,-8.861989760954726E-6,50.00 deg,0.0,0.0,0.0,0.0,-0.0,-0.0,-0.0,-0.0,0.0 us,0.0 us,0.0 us,0.0 us,false,""
14:17:11.754,MANUAL,0.0,50.0,22.4 / 44.6 ms,1.3318868881524864E-4,0.05,0.1,3.0,0.0,0.0,0,0.0,0.0,0.00 deg,0.0,IDLE,0.0,-0.0,-0.0,0,0.0,50.0,BLUE,56 us,19350 us,34 us,60 us,12593 us,1.143545872993826E-5,-8.861989760954726E-6,50.00 deg,0.0,0.0,0.0,0.0,-0.0,-0.0,-0.0,-0.0,0.0 us,0.0 us,0.0 us,0.0 us,false,""
14:17:11.812,MANUAL,0.0,50.0,18.6 / 53.6 ms,1.3318868881524864E-4,0.05,0.1,3.0,0.0,0.0,0,0.0,0.0,0.00 deg,0.0,IDLE,0.0,-0.0,-0.0,0,0.0,50.0,BLUE,58 us,20654 us,35 us,9488 us,10037 us,1.143545872993826E-5,-8.861990333864774E-6,50.00 deg,0.0,0.0,0.0,0.0,-0.0,-0.0,-0.0,-0.0,0.0 us,0.0 us,0.0 us,0.0 us,false,""
14:17:11.867,MANUAL,0.0,50.0,17.3 / 58.0 ms,1.2294340506022953E-4,0.05,0.1,3.0,0.0,0.0,0,0.0,0.0,0.00 deg,0.0,IDLE,0.0,-0.0,-0.0,0,0.0,50.0,BLUE,66 us,25065 us,44 us,53 us,10640 us,1.055580347512416E-5,-8.18030185462159E-6,50.00 deg,0.0,0.0,0.0,0.0,-0.0,-0.0,-0.0,-0.0,0.0 us,0.0 us,0.0 us,0.0 us,false,""
14:17:11.918,MANUAL,0.0,50.0,18.4 / 54.5 ms,1.3660378340025502E-4,0.05,0.1,3.0,0.0,0.0,0,0.0,0.0,0.00 deg,0.0,IDLE,0.0,-0.0,-0.0,0,0.0,50.0,BLUE,70 us,25127 us,46 us,51 us,10956 us,1.1728674092689368E-5,-9.089221927616011E-6,50.00 deg,0.0,0.0,0.0,0.0,-0.0,-0.0,-0.0,-0.0,0.0 us,0.0 us,0.0 us,0.0 us,false,""
14:17:11.963,MANUAL,0.0,50.0,19.6 / 51.2 ms,1.3660378340025502E-4,0.05,0.1,3.0,0.0,0.0,0,0.0,0.0,0.00 deg,0.0,IDLE,0.003,-0.0,-0.0,0,0.0,50.0,BLUE,67 us,20438 us,43 us,57 us,10324 us,1.1728674092689368E-5,-9.089221354705963E-6,50.00 deg,0.0,0.0,0.0,0.0,-0.0,-0.0,-0.0,-0.0,0.0 us,0.0 us,0.0 us,0.0 us,false,""
14:17:12.200,MANUAL,0.0,50.0,22.2 / 45.1 ms,1.3318868881524864E-4,0.05,0.1,3.0,0.0,0.0,0,0.0,0.0,0.00 deg,0.0,IDLE,0.0,-0.0,-0.0,0,0.0,50.0,BLUE,71 us,20485 us,43 us,48 us,11000 us,1.1435456438298066E-5,-8.86199147968487E-6,50.00 deg,0.0,0.0,0.0,0.0,-0.0,-0.0,-0.0,-0.0,0.0 us,0.0 us,0.0 us,0.0 us,false,""
14:17:12.670,MANUAL,0.0,50.0,17.6 / 56.9 ms,1.4343397257026778E-4,0.05,0.1,3.0,0.0,0.0,0,0.0,0.0,0.00 deg,0.0,IDLE,0.003,-0.0,-0.0,0,0.0,50.0,BLUE,56 us,21823 us,35 us,12954 us,14083 us,1.2315109401471972E-5,-9.543680531838103E-6,50.00 deg,0.0,0.0,0.0,0.0,-0.0,-0.0,-0.0,-0.0,0.0 us,0.0 us,0.0 us,0.0 us,false,""
14:17:12.111,MANUAL,0.0,50.0,21.0 / 47.5 ms,1.4343397257026778E-4,0.05,0.1,3.0,0.0,0.0,0,0.0,0.0,0.00 deg,0.0,IDLE,0.003,-0.0,-0.0,0,0.0,50.0,BLUE,84 us,18735 us,44 us,51 us,10547 us,1.2315109401471972E-5,-9.543679958928055E-6,50.00 deg,0.0,0.0,0.0,0.0,-0.0,-0.0,-0.0,-0.0,0.0 us,0.0 us,0.0 us,0.0 us,false,""
14:17:12.157,MANUAL,0.0,50.0,23.0 / 43.5 ms,1.3660378340025502E-4,0.05,0.1,3.0,0.0,0.0,0,0.0,0.0,0.00 deg,0.0,IDLE,0.0,-0.0,-0.0,0,0.0,50.0,BLUE,76 us,19209 us,45 us,51 us,11438 us,1.1728674092689368E-5,-9.089220208885867E-6,50.00 deg,0.0,0.0,0.0,0.0,-0.0,-0.0,-0.0,-0.0,0.0 us,0.0 us,0.0 us,0.0 us,false,""
14:17:12.204,MANUAL,0.0,50.0,21.7 / 46.0 ms,1.4343397257026778E-4,0.05,0.1,3.0,0.0,0.0,0,0.0,0.0,0.00 deg,0.0,IDLE,0.003,-0.0,-0.0,0,0.0,50.0,BLUE,73 us,21408 us,43 us,47 us,10529 us,1.2315109401471972E-5,-9.543679958928055E-6,50.00 deg,0.0,0.0,0.0,0.0,-0.0,-0.0,-0.0,-0.0,0.0 us,0.0 us,0.0 us,0.0 us,false,""
14:17:12.259,MANUAL,0.0,50.0,21.3 / 46.9 ms,1.4684906715527416E-4,0.05,0.1,3.0,0.0,0.0,0,0.0,0.0,0.00 deg,0.0,IDLE,0.0,-0.0,-0.0,0,0.0,50.0,BLUE,72 us,22311 us,44 us,53 us,18597 us,1.2608327055863274E-5,-9.770909833949147E-6,50.00 deg,0.0,0.0,0.0,0.0,-0.0,-0.0,-0.0,-0.0,0.0 us,0.0 us,0.0 us,0.0 us,false,""
14:17:12.337,MANUAL,0.0,50.0,18.1 / 55.3 ms,1.4343397257026778E-4,0.05,0.1,3.0,0.0,0.0,0,0.0,0.0,0.00 deg,0.0,IDLE,0.003,-0.0,-0.0,0,0.0,50.0,BLUE,74 us,18772 us,43 us,49 us,10300 us,1.2315109401471972E-5,-9.543679958928055E-6,50.00 deg,0.0,0.0,0.0,0.0,-0.0,-0.0,-0.0,-0.0,0.0 us,0.0 us,0.0 us,0.0 us,false,""
14:17:12.387,MANUAL,0.0,50.0,12.8 / 77.9 ms,1.5367925632528683E-4,0.05,0.1,3.0,0.0,0.0,0,0.0,0.0,0.00 deg,0.0,IDLE,0.003,-0.0,-0.0,0,0.0,50.0,BLUE,74 us,23742 us,43 us,18781 us,10099 us,1.3194761218825781E-5,-1.0225371875631528E-5,50.00 deg,0.0,0.0,0.0,0.0,-0.0,-0.0,-0.0,-0.0,0.0 us,0.0 us,0.0 us,0.0 us,false,""
14:17:12.435,MANUAL,0.0,50.0,20.2 / 49.6 ms,1.5367925632528683E-4,0.05,0.1,3.0,0.0,0.0,0,0.0,0.0,0.00 deg,0.0,IDLE,0.003,-0.0,-0.0,0,0.0,50.0,BLUE,80 us,22124 us,47 us,52 us,10660 us,1.3194760073005683E-5,-1.0225371875631528E-5,50.00 deg,0.0,0.0,0.0,0.0,-0.0,-0.0,-0.0,-0.0,0.0 us,0.0 us,0.0 us,0.0 us,false,""
14:17:12.482,MANUAL,0.0,50.0,20.7 / 48.3 ms,1.6050944549529964E-4,0.05,0.1,3.0,0.0,0.0,0,0.0,0.0,0.00 deg,0.0,IDLE,0.003,-0.0,-0.0,0,0.0,50.0,BLUE,67 us,20952 us,44 us,51 us,10913 us,1.3781194235968192E-5,-1.0679831625673714E-5,50.00 deg,0.0,0.0,0.0,0.0,-0.0,-0.0,-0.0,-0.0,0.0 us,0.0 us,0.0 us,0.0 us,false,""
14:17:12.527,MANUAL,0.0,50.0,21.2 / 47.2 ms,1.7075472925031878E-4,0.05,0.1,3.0,0.0,0.0,0,0.0,0.0,0.00 deg,0.0,IDLE,0.0,-0.0,-0.0,0,0.0,50.0,BLUE,68 us,20468 us,44 us,55 us,10259 us,1.4660847199142097E-5,-1.1361521250736996E-5,50.00 deg,0.0,0.0,0.0,0.0,-0.0,-0.0,-0.0,-0.0,0.0 us,0.0 us,0.0 us,0.0 us,false,""
14:17:12.577,MANUAL,0.0,50.0,22.5 / 44.5 ms,1.7758491842033154E-4,0.05,0.1,3.0,0.0,0.0,0,0.0,0.0,0.00 deg,0.0,IDLE,0.003,-0.0,-0.0,0,0.0,50.0,BLUE,66 us,21923 us,38 us,62 us,14209 us,1.52472825079247E-5,-1.1815981000779182E-5,50.00 deg,0.0,0.0,0.0,0.0,-0.0,-0.0,-0.0,-0.0,0.0 us,0.0 us,0.0 us,0.0 us,false,""
14:17:12.639,MANUAL,0.0,50.0,20.0 / 49.9 ms,1.8441510759034427E-4,0.05,0.1,3.0,0.0,0.0,0,0.0,0.0,0.00 deg,0.0,IDLE,0.003,-0.0,-0.0,0,0.0,50.0,BLUE,58 us,22107 us,35 us,42 us,9786 us,1.5833717816707305E-5,-1.2270438459181176E-5,50.00 deg,0.0,0.0,0.0,0.0,-0.0,-0.0,-0.0,-0.0,0.0 us,0.0 us,0.0 us,0.0 us,false,""
14:17:12.684,MANUAL,0.0,50.0,16.1 / 62.3 ms,1.810000130053379E-4,0.05,0.1,3.0,0.0,0.0,0,0.0,0.0,0.00 deg,0.0,IDLE,0.003,-0.0,-0.0,0,0.0,50.0,BLUE,85 us,18691 us,106 us,15781 us,11799 us,1.5540500162316003E-5,-1.2043209729980178E-5,50.00 deg,0.0,0.0,0.0,0.0,-0.0,-0.0,-0.0,-0.0,0.0 us,0.0 us,0.0 us,0.0 us,false,""
14:17:12.730,MANUAL,0.0,50.0,22.1 / 45.3 ms,1.8441510759034427E-4,0.05,0.1,3.0,0.0,0.0,0,0.0,0.0,0.00 deg,0.0,IDLE,0.003,-0.0,-0.0,0,0.0,50.0,BLUE,59 us,19134 us,45 us,46 us,11475 us,1.5833717816707305E-5,-1.2270439605001272E-5,50.00 deg,0.0,0.0,0.0,0.0,-0.0,-0.0,-0.0,-0.0,0.0 us,0.0 us,0.0 us,0.0 us,false,""
14:17:12.783,MANUAL,0.0,50.0,21.6 / 46.4 ms,1.8441510759034427E-4,0.05,0.1,3.0,0.0,0.0,0,0.0,0.0,0.00 deg,0.0,IDLE,0.0,-0.0,-0.0,0,0.0,50.0,BLUE,91 us,23890 us,69 us,52 us,15466 us,1.5833717816707305E-5,-1.2270439605001272E-5,50.00 deg,0.0,0.0,0.0,0.0,-0.0,-0.0,-0.0,-0.0,0.0 us,0.0 us,0.0 us,0.0 us,false,""
14:17:12.836,MANUAL,0.0,50.0,19.0 / 52.7 ms,1.9807548593036978E-4,0.05,0.1,3.0,0.0,0.0,0,0.0,0.0,0.00 deg,0.0,IDLE,0.003,-0.0,-0.0,0,0.0,50.0,BLUE,75 us,20435 us,27 us,43 us,10105 us,1.7006588434272513E-5,-1.3179360250905745E-5,50.00 deg,0.0,0.0,0.0,0.0,-0.0,-0.0,-0.0,-0.0,0.0 us,0.0 us,0.0 us,0.0 us,false,""
14:17:12.880,MANUAL,0.0,50.0,18.9 / 52.8 ms,2.0149058051537616E-4,0.05,0.1,3.0,0.0,0.0,0,0.0,0.0,0.00 deg,0.0,IDLE,0.003,-0.0,-0.0,0,0.0,50.0,BLUE,61 us,19500 us,36 us,31 us,10992 us,1.7299806088663814E-5,-1.3406590125926837E-5,50.00 deg,0.0,0.0,0.0,0.0,-0.0,-0.0,-0.0,-0.0,0.0 us,0.0 us,0.0 us,0.0 us,false,""
14:17:12.936,MANUAL,0.0,50.0,22.5 / 44.4 ms,1.9807548593036978E-4,0.05,0.1,3.0,0.0,0.0,0,0.0,0.0,0.00 deg,0.0,IDLE,0.003,-0.0,-0.0,0,0.0,50.0,BLUE,58 us,21973 us,36 us,39 us,10646 us,1.7006588434272513E-5,-1.3179360250905745E-5,50.00 deg,0.0,0.0,0.0,0.0,-0.0,-0.0,-0.0,-0.0,0.0 us,0.0 us,0.0 us,0.0 us,false,""
14:17:12.980,MANUAL,0.0,50.0,17.9 / 55.9 ms,1.9807548593036978E-4,0.05,0.1,3.0,0.0,0.0,0,0.0,0.0,0.00 deg,0.0,IDLE,0.003,-0.0,-0.0,0,0.0,50.0,BLUE,56 us,21805 us,37 us,9530 us,10138 us,1.7006588434272513E-5,-1.3179360250905745E-5,50.00 deg,0.0,0.0,0.0,0.0,-0.0,-0.0,-0.0,-0.0,0.0 us,0.0 us,0.0 us,0.0 us,false,""
14:17:13.250,MANUAL,0.0,50.0,22.8 / 43.9 ms,1.9807548593036978E-4,0.05,0.1,3.0,0.0,0.0,0,0.0,0.0,0.00 deg,0.0,IDLE,0.003,-0.0,-0.0,0,0.0,50.0,BLUE,65 us,20351 us,46 us,43 us,10973 us,1.7006588434272513E-5,-1.3179360250905745E-5,50.00 deg,0.0,0.0,0.0,0.0,-0.0,-0.0,-0.0,-0.0,0.0 us,0.0 us,0.0 us,0.0 us,false,""
14:17:13.680,MANUAL,0.0,50.0,22.1 / 45.2 ms,2.0490567510038254E-4,0.05,0.1,3.0,0.0,0.0,0,0.0,0.0,0.00 deg,0.0,IDLE,0.0,-0.0,-0.0,0,0.0,50.0,BLUE,261 us,18756 us,43 us,55 us,10145 us,1.7593023743055115E-5,-1.3633818855127833E-5,50.00 deg,0.0,0.0,0.0,0.0,-0.0,-0.0,-0.0,-0.0,0.0 us,0.0 us,0.0 us,0.0 us,false,""
14:17:13.117,MANUAL,0.0,50.0,23.3 / 42.9 ms,2.0490567510038254E-4,0.05,0.1,3.0,0.0,0.0,0,0.0,0.0,0.00 deg,0.0,IDLE,0.003,-0.0,-0.0,0,0.0,50.0,BLUE,69 us,20312 us,44 us,51 us,14822 us,1.7593023743055115E-5,-1.3633820000947931E-5,50.00 deg,0.0,0.0,0.0,0.0,-0.0,-0.0,-0.0,-0.0,0.0 us,0.0 us,0.0 us,0.0 us,false,""
14:17:13.166,MANUAL,0.0,50.0,20.5 / 48.8 ms,2.083207696853889E-4,0.05,0.1,3.0,0.0,0.0,0,0.0,0.0,0.00 deg,0.0,IDLE,0.003,-0.0,-0.0,0,0.0,50.0,BLUE,87 us,22815 us,60 us,52 us,11649 us,1.788624139744642E-5,-1.3861049875969025E-5,50.00 deg,0.0,0.0,0.0,0.0,-0.0,-0.0,-0.0,-0.0,0.0 us,0.0 us,0.0 us,0.0 us,false,""
14:17:13.231,MANUAL,0.0,50.0,20.3 / 49.2 ms,2.1515095885540165E-4,0.05,0.1,3.0,0.0,0.0,0,0.0,0.0,0.00 deg,0.0,IDLE,0.0,-0.0,-0.0,0,0.0,50.0,BLUE,70 us,22747 us,45 us,74 us,10302 us,1.8472676706229022E-5,-1.4315509626011211E-5,50.00 deg,0.0,0.0,0.0,0.0,-0.0,-0.0,-0.0,-0.0,0.0 us,0.0 us,0.0 us,0.0 us,false,""
14:17:13.273,MANUAL,0.0,50.0,15.4 / 64.9 ms,2.253962426104208E-4,0.05,0.1,3.0,0.0,0.0,0,0.0,0.0,0.00 deg,0.0,IDLE,0.003,-0.0,-0.0,0,0.0,50.0,BLUE,59 us,19660 us,36 us,17175 us,9922 us,1.9352330815223024E-5,-1.4997196959434297E-5,50.00 deg,0.0,0.0,0.0,0.0,-0.0,-0.0,-0.0,-0.0,0.0 us,0.0 us,0.0 us,0.0 us,false,""
14:17:13.320,MANUAL,0.0,50.0,23.9 / 41.8 ms,2.1515095885540165E-4,0.05,0.1,3.0,0.0,0.0,0,0.0,0.0,0.00 deg,0.0,IDLE,0.0,-0.0,-0.0,0,0.0,50.0,BLUE,54 us,20385 us,36 us,49 us,14132 us,1.8472677852049118E-5,-1.4315509626011211E-5,50.00 deg,0.0,0.0,0.0,0.0,-0.0,-0.0,-0.0,-0.0,0.0 us,0.0 us,0.0 us,0.0 us,false,""
14:17:13.376,MANUAL,0.0,50.0,21.1 / 47.3 ms,2.1515095885540165E-4,0.05,0.1,3.0,0.0,0.0,0,0.0,0.0,0.00 deg,0.0,IDLE,0.003,-0.0,-0.0,0,0.0,50.0,BLUE,82 us,17073 us,44 us,50 us,10443 us,1.8472677852049118E-5,-1.4315509626011211E-5,50.00 deg,0.0,0.0,0.0,0.0,-0.0,-0.0,-0.0,-0.0,0.0 us,0.0 us,0.0 us,0.0 us,false,""
14:17:13.423,MANUAL,0.0,50.0,17.8 / 56.2 ms,2.3222643178043355E-4,0.05,0.1,3.0,0.0,0.0,0,0.0,0.0,0.00 deg,0.0,IDLE,0.003,-0.0,-0.0,0,0.0,50.0,BLUE,75 us,20911 us,45 us,51 us,10209 us,1.993876612400563E-5,-1.545165441783629E-5,50.00 deg,0.0,0.0,0.0,0.0,-0.0,-0.0,-0.0,-0.0,0.0 us,0.0 us,0.0 us,0.0 us,false,""
14:17:13.471,MANUAL,0.0,50.0,21.4 / 46.7 ms,2.2881133719542706E-4,0.05,0.1,3.0,0.0,0.0,0,0.0,0.0,0.00 deg,0.0,IDLE,0.003,-0.0,-0.0,0,0.0,50.0,BLUE,82 us,19434 us,43 us,73 us,10320 us,1.9645548469614326E-5,-1.5224425688635294E-5,50.00 deg,0.0,0.0,0.0,0.0,-0.0,-0.0,-0.0,-0.0,0.0 us,0.0 us,0.0 us,0.0 us,false,""
14:17:13.534,MANUAL,0.0,50.0,21.0 / 47.6 ms,2.253962426104208E-4,0.05,0.1,3.0,0.0,0.0,0,0.0,0.0,0.00 deg,0.0,IDLE,0.0,-0.0,-0.0,0,0.0,50.0,BLUE,66 us,22651 us,44 us,51 us,10361 us,1.9352330815223024E-5,-1.4997196959434297E-5,50.00 deg,0.0,0.0,0.0,0.0,-0.0,-0.0,-0.0,-0.0,0.0 us,0.0 us,0.0 us,0.0 us,false,""
14:17:13.576,MANUAL,0.0,50.0,15.8 / 63.1 ms,2.3222643178043355E-4,0.05,0.1,3.0,0.0,0.0,0,0.0,0.0,0.00 deg,0.0,IDLE,0.0,-0.0,-0.0,0,0.0,50.0,BLUE,59 us,20277 us,36 us,15700 us,9512 us,1.993876612400563E-5,-1.5451655563656388E-5,50.00 deg,0.0,0.0,0.0,0.0,-0.0,-0.0,-0.0,-0.0,0.0 us,0.0 us,0.0 us,0.0 us,false,""
14:17:13.626,MANUAL,0.0,50.0,23.7 / 42.1 ms,2.356415263654399E-4,0.05,0.1,3.0,0.0,0.0,0,0.0,0.0,0.00 deg,0.0,IDLE,0.0,-0.0,-0.0,0,0.0,50.0,BLUE,58 us,22027 us,36 us,43 us,15259 us,2.0231983778396928E-5,-1.5678884292857386E-5,50.00 deg,0.0,0.0,0.0,0.0,-0.0,-0.0,-0.0,-0.0,0.0 us,0.0 us,0.0 us,0.0 us,false,""
14:17:13.673,MANUAL,0.0,50.0,20.0 / 49.9 ms,2.3905662095044628E-4,0.05,0.1,3.0,0.0,0.0,0,0.0,0.0,0.00 deg,0.0,IDLE,0.003,-0.0,-0.0,0,0.0,50.0,BLUE,59 us,21342 us,48 us,43 us,10751 us,2.0525201432788232E-5,-1.5906113022058384E-5,50.00 deg,0.0,0.0,0.0,0.0,-0.0,-0.0,-0.0,-0.0,0.0 us,0.0 us,0.0 us,0.0 us,false,""
14:17:13.717,MANUAL,0.0,50.0,21.2 / 47.1 ms,2.3905662095044628E-4,0.05,0.1,3.0,0.0,0.0,0,0.0,0.0,0.00 deg,0.0,IDLE,0.003,-0.0,-0.0,0,0.0,50.0,BLUE,58 us,20133 us,34 us,53 us,11643 us,2.0525201432788232E-5,-1.5906113022058384E-5,50.00 deg,0.0,0.0,0.0,0.0,-0.0,-0.0,-0.0,-0.0,0.0 us,0.0 us,0.0 us,0.0 us,false,""
14:17:13.758,MANUAL,0.0,50.0,22.8 / 43.8 ms,2.4588681012045906E-4,0.05,0.1,3.0,0.0,0.0,0,0.0,0.0,0.00 deg,0.0,IDLE,0.0,-0.0,-0.0,0,0.0,50.0,BLUE,60 us,19403 us,35 us,43 us,10067 us,2.1111636741570838E-5,-1.6360570480460376E-5,50.00 deg,0.0,0.0,0.0,0.0,-0.0,-0.0,-0.0,-0.0,0.0 us,0.0 us,0.0 us,0.0 us,false,""
14:17:13.816,MANUAL,0.0,50.0,24.1 / 41.5 ms,2.4588681012045906E-4,0.05,0.1,3.0,0.0,0.0,0,0.0,0.0,0.00 deg,0.0,IDLE,0.0,-0.0,-0.0,0,0.0,50.0,BLUE,62 us,18738 us,46 us,47 us,10734 us,2.1111636741570838E-5,-1.6360570480460376E-5,50.00 deg,0.0,0.0,0.0,0.0,-0.0,-0.0,-0.0,-0.0,0.0 us,0.0 us,0.0 us,0.0 us,false,""
14:17:13.859,MANUAL,0.0,50.0,17.4 / 57.4 ms,2.3905662095044628E-4,0.05,0.1,3.0,0.0,0.0,0,0.0,0.0,0.00 deg,0.0,IDLE,0.003,-0.0,-0.0,0,0.0,50.0,BLUE,65 us,16731 us,35 us,12797 us,14006 us,2.0525201432788232E-5,-1.5906113022058384E-5,50.00 deg,0.0,0.0,0.0,0.0,-0.0,-0.0,-0.0,-0.0,0.0 us,0.0 us,0.0 us,0.0 us,false,""
14:17:13.917,MANUAL,0.0,50.0,23.1 / 43.3 ms,2.4588681012045906E-4,0.05,0.1,3.0,0.0,0.0,0,0.0,0.0,0.00 deg,0.0,IDLE,0.003,-0.0,-0.0,0,0.0,50.0,BLUE,70 us,17327 us,44 us,39 us,10371 us,2.1111636741570838E-5,-1.6360570480460376E-5,50.00 deg,0.0,0.0,0.0,0.0,-0.0,-0.0,-0.0,-0.0,0.0 us,0.0 us,0.0 us,0.0 us,false,""
14:17:13.960,MANUAL,0.0,50.0,17.2 / 58.1 ms,2.4247171553545266E-4,0.05,0.1,3.0,0.0,0.0,0,0.0,0.0,0.00 deg,0.0,IDLE,0.003,-0.0,-0.0,0,0.0,50.0,BLUE,87 us,19634 us,45 us,50 us,10405 us,2.0818419087179534E-5,-1.6133340605439282E-5,50.00 deg,0.0,0.0,0.0,0.0,-0.0,-0.0,-0.0,-0.0,0.0 us,0.0 us,0.0 us,0.0 us,false,""
14:17:14.130,MANUAL,0.0,50.0,23.5 / 42.5 ms,2.493019047054654E-4,0.05,0.1,3.0,0.0,0.0,0,0.0,0.0,0.00 deg,0.0,IDLE,0.0,-0.0,-0.0,0,0.0,50.0,BLUE,93 us,23799 us,63 us,54 us,11337 us,2.1404854395962136E-5,-1.6587798063841275E-5,50.00 deg,0.0,0.0,0.0,0.0,-0.0,-0.0,-0.0,-0.0,0.0 us,0.0 us,0.0 us,0.0 us,false,""
14:17:14.650,MANUAL,0.0,50.0,18.7 / 53.4 ms,2.6979247221550366E-4,0.05,0.1,3.0,0.0,0.0,0,0.0,0.0,0.00 deg,0.0,IDLE,0.0,-0.0,-0.0,0,0.0,50.0,BLUE,204 us,21516 us,61 us,74 us,11729 us,2.3164164905590336E-5,-1.7951172730687448E-5,50.00 deg,0.0,0.0,0.0,0.0,-0.0,-0.0,-0.0,-0.0,0.0 us,0.0 us,0.0 us,0.0 us,false,""
14:17:14.126,MANUAL,0.0,50.0,19.2 / 52.0 ms,2.663773776304973E-4,0.05,0.1,3.0,0.0,0.0,0,0.0,0.0,0.00 deg,0.0,IDLE,0.003,-0.0,-0.0,0,0.0,50.0,BLUE,70 us,19030 us,45 us,82 us,11565 us,2.2870947251199035E-5,-1.7723946293126645E-5,50.00 deg,0.0,0.0,0.0,0.0,-0.0,-0.0,-0.0,-0.0,0.0 us,0.0 us,0.0 us,0.0 us,false,""
14:17:14.173,MANUAL,0.0,50.0,16.4 / 60.9 ms,2.7320756680051004E-4,0.05,0.1,3.0,0.0,0.0,0,0.0,0.0,0.00 deg,0.0,IDLE,0.003,-0.0,-0.0,0,0.0,50.0,BLUE,61 us,17934 us,37 us,15762 us,15270 us,2.3457382559981638E-5,-1.8178406043168833E-5,50.00 deg,0.0,0.0,0.0,0.0,-0.0,-0.0,-0.0,-0.0,0.0 us,0.0 us,0.0 us,0.0 us,false,""
14:17:14.214,MANUAL,0.0,50.0,21.4 / 46.8 ms,2.800377559705228E-4,0.05,0.1,3.0,0.0,0.0,0,0.0,0.0,0.00 deg,0.0,IDLE,0.003,-0.0,-0.0,0,0.0,50.0,BLUE,71 us,18171 us,39 us,42 us,10969 us,2.404381786876424E-5,-1.8632863501570825E-5,50.00 deg,0.0,0.0,0.0,0.0,-0.0,-0.0,-0.0,-0.0,0.0 us,0.0 us,0.0 us,0.0 us,false,""
14:17:14.252,MANUAL,0.0,50.0,24.4 / 41.1 ms,2.834528505555292E-4,0.05,0.1,3.0,0.0,0.0,0,0.0,0.0,0.00 deg,0.0,IDLE,0.003,-0.0,-0.0,0,0.0,50.0,BLUE,59 us,16880 us,34 us,52 us,9697 us,2.4337035523155544E-5,-1.8860092230771823E-5,50.00 deg,0.0,0.0,0.0,0.0,-0.0,-0.0,-0.0,-0.0,0.0 us,0.0 us,0.0 us,0.0 us,false,""
14:17:14.291,MANUAL,0.0,50.0,25.9 / 38.7 ms,2.800377559705228E-4,0.05,0.1,3.0,0.0,0.0,0,0.0,0.0,0.00 deg,0.0,IDLE,0.003,-0.0,-0.0,0,0.0,50.0,BLUE,60 us,15875 us,35 us,41 us,10106 us,2.404381786876424E-5,-1.8632863501570825E-5,50.00 deg,0.0,0.0,0.0,0.0,-0.0,-0.0,-0.0,-0.0,0.0 us,0.0 us,0.0 us,0.0 us,false,""
14:17:14.333,MANUAL,0.0,50.0,26.1 / 38.3 ms,2.834528505555292E-4,0.05,0.1,3.0,0.0,0.0,0,0.0,0.0,0.00 deg,0.0,IDLE,0.0,-0.0,-0.0,0,0.0,50.0,BLUE,68 us,16367 us,43 us,46 us,10417 us,2.4337035523155544E-5,-1.8860092230771823E-5,50.00 deg,0.0,0.0,0.0,0.0,-0.0,-0.0,-0.0,-0.0,0.0 us,0.0 us,0.0 us,0.0 us,false,""
14:17:14.403,MANUAL,0.0,50.0,23.6 / 42.4 ms,2.834528505555292E-4,0.05,0.1,3.0,0.0,0.0,0,0.0,0.0,0.00 deg,0.0,IDLE,0.0,-0.0,-0.0,0,0.0,50.0,BLUE,64 us,18033 us,46 us,51 us,15623 us,2.4337028648234963E-5,-1.8860092230771823E-5,50.00 deg,0.0,0.0,0.0,0.0,-0.0,-0.0,-0.0,-0.0,0.0 us,0.0 us,0.0 us,0.0 us,false,""
14:17:14.472,MANUAL,0.0,50.0,14.3 / 69.8 ms,2.834528505555292E-4,0.05,0.1,3.0,0.0,0.0,0,0.0,0.0,0.00 deg,0.0,IDLE,0.003,-0.0,-0.0,0,0.0,50.0,BLUE,94 us,25884 us,46 us,20027 us,12853 us,2.4337021773314384E-5,-1.8860092230771823E-5,50.00 deg,0.0,0.0,0.0,0.0,-0.0,-0.0,-0.0,-0.0,0.0 us,0.0 us,0.0 us,0.0 us,false,""
14:17:14.520,MANUAL,0.0,50.0,14.6 / 68.6 ms,2.936981343105483E-4,0.05,0.1,3.0,0.0,0.0,0,0.0,0.0,0.00 deg,0.0,IDLE,0.003,-0.0,-0.0,0,0.0,50.0,BLUE,66 us,22131 us,44 us,46 us,10277 us,2.5216672444848096E-5,-1.9541778418374814E-5,50.00 deg,0.0,0.0,0.0,0.0,-0.0,-0.0,-0.0,-0.0,0.0 us,0.0 us,0.0 us,0.0 us,false,""
14:17:14.563,MANUAL,0.0,50.0,20.6 / 48.6 ms,2.936981343105483E-4,0.05,0.1,3.0,0.0,0.0,0,0.0,0.0,0.00 deg,0.0,IDLE,0.0,-0.0,-0.0,0,0.0,50.0,BLUE,68 us,19183 us,43 us,50 us,10600 us,2.5216672444848096E-5,-1.9541778418374814E-5,50.00 deg,0.0,0.0,0.0,0.0,-0.0,-0.0,-0.0,-0.0,0.0 us,0.0 us,0.0 us,0.0 us,false,""
14:17:14.610,MANUAL,0.0,50.0,23.5 / 42.6 ms,2.936981343105483E-4,0.05,0.1,3.0,0.0,0.0,0,0.0,0.0,0.00 deg,0.0,IDLE,0.003,-0.0,-0.0,0,0.0,50.0,BLUE,88 us,22032 us,43 us,51 us,11017 us,2.5216672444848096E-5,-1.9541778418374814E-5,50.00 deg,0.0,0.0,0.0,0.0,-0.0,-0.0,-0.0,-0.0,0.0 us,0.0 us,0.0 us,0.0 us,false,""
14:17:14.668,MANUAL,0.0,50.0,21.0 / 47.7 ms,2.800377559705228E-4,0.05,0.1,3.0,0.0,0.0,0,0.0,0.0,0.00 deg,0.0,IDLE,0.003,-0.0,-0.0,0,0.0,50.0,BLUE,87 us,18083 us,43 us,51 us,10978 us,2.4043792660722114E-5,-1.863286235575073E-5,50.00 deg,0.0,0.0,0.0,0.0,-0.0,-0.0,-0.0,-0.0,0.0 us,0.0 us,0.0 us,0.0 us,false,""
14:17:14.717,MANUAL,0.0,50.0,17.4 / 57.4 ms,2.936981343105483E-4,0.05,0.1,3.0,0.0,0.0,0,0.0,0.0,0.00 deg,0.0,IDLE,0.003,-0.0,-0.0,0,0.0,50.0,BLUE,326 us,22419 us,30 us,14117 us,15061 us,2.5216663278287322E-5,-1.954178071001501E-5,50.00 deg,0.0,0.0,0.0,0.0,-0.0,-0.0,-0.0,-0.0,0.0 us,0.0 us,0.0 us,0.0 us,false,""
14:17:14.758,MANUAL,0.0,50.0,20.2 / 49.5 ms,3.0052832348056107E-4,0.05,0.1,3.0,0.0,0.0,0,0.0,0.0,0.00 deg,0.0,IDLE,0.0,-0.0,-0.0,0,0.0,50.0,BLUE,52 us,18507 us,31 us,37 us,9747 us,2.5803098587069928E-5,-1.9996235876776806E-5,50.00 deg,0.0,0.0,0.0,0.0,-0.0,-0.0,-0.0,-0.0,0.0 us,0.0 us,0.0 us,0.0 us,false,""
14:17:14.799,MANUAL,0.0,50.0,24.6 / 40.6 ms,3.0052832348056107E-4,0.05,0.1,3.0,0.0,0.0,0,0.0,0.0,0.00 deg,0.0,IDLE,0.0,-0.0,-0.0,0,0.0,50.0,BLUE,65 us,18638 us,35 us,38 us,9956 us,2.5803098587069928E-5,-1.9996235876776806E-5,50.00 deg,0.0,0.0,0.0,0.0,-0.0,-0.0,-0.0,-0.0,0.0 us,0.0 us,0.0 us,0.0 us,false,""
14:17:14.842,MANUAL,0.0,50.0,24.1 / 41.5 ms,2.936981343105483E-4,0.05,0.1,3.0,0.0,0.0,0,0.0,0.0,0.00 deg,0.0,IDLE,0.003,-0.0,-0.0,0,0.0,50.0,BLUE,56 us,19616 us,36 us,41 us,9936 us,2.5216663278287322E-5,-1.954177612673462E-5,50.00 deg,0.0,0.0,0.0,0.0,-0.0,-0.0,-0.0,-0.0,0.0 us,0.0 us,0.0 us,0.0 us,false,""
14:17:14.883,MANUAL,0.0,50.0,23.4 / 42.6 ms,2.971132288955547E-4,0.05,0.1,3.0,0.0,0.0,0,0.0,0.0,0.00 deg,0.0,IDLE,0.0,-0.0,-0.0,0,0.0,50.0,BLUE,59 us,15609 us,36 us,53 us,12919 us,2.5509880932678624E-5,-1.9769006001755716E-5,50.00 deg,0.0,0.0,0.0,0.0,-0.0,-0.0,-0.0,-0.0,0.0 us,0.0 us,0.0 us,0.0 us,false,""
14:17:14.939,MANUAL,0.0,50.0,24.3 / 41.2 ms,2.971132288955547E-4,0.05,0.1,3.0,0.0,0.0,0,0.0,0.0,0.00 deg,0.0,IDLE,0.003,-0.0,-0.0,0,0.0,50.0,BLUE,70 us,21524 us,62 us,39 us,9591 us,2.5509880932678624E-5,-1.9769006001755716E-5,50.00 deg,0.0,0.0,0.0,0.0,-0.0,-0.0,-0.0,-0.0,0.0 us,0.0 us,0.0 us,0.0 us,false,""
14:17:14.994,MANUAL,0.0,50.0,17.9 / 55.9 ms,3.039434180655674E-4,0.05,0.1,3.0,0.0,0.0,0,0.0,0.0,0.00 deg,0.0,IDLE,0.003,-0.0,-0.0,0,0.0,50.0,BLUE,59 us,19825 us,35 us,9414 us,9793 us,2.6096316241461226E-5,-2.02234657517979E-5,50.00 deg,0.0,0.0,0.0,0.0,-0.0,-0.0,-0.0,-0.0,0.0 us,0.0 us,0.0 us,0.0 us,false,""
14:17:15.380,MANUAL,0.0,50.0,18.2 / 54.9 ms,3.039434180655674E-4,0.05,0.1,3.0,0.0,0.0,0,0.0,0.0,0.00 deg,0.0,IDLE,0.0,-0.0,-0.0,0,0.0,50.0,BLUE,57 us,19996 us,34 us,37 us,9838 us,2.6096316241461226E-5,-2.02234657517979E-5,50.00 deg,0.0,0.0,0.0,0.0,-0.0,-0.0,-0.0,-0.0,0.0 us,0.0 us,0.0 us,0.0 us,false,""
14:17:15.830,MANUAL,0.0,50.0,22.6 / 44.3 ms,3.073585126505738E-4,0.05,0.1,3.0,0.0,0.0,0,0.0,0.0,0.00 deg,0.0,IDLE,0.003,-0.0,-0.0,0,0.0,50.0,BLUE,80 us,17576 us,46 us,40 us,10387 us,2.638953389585253E-5,-2.0450695626818994E-5,50.00 deg,0.0,0.0,0.0,0.0,-0.0,-0.0,-0.0,-0.0,0.0 us,0.0 us,0.0 us,0.0 us,false,""
14:17:15.125,MANUAL,0.0,50.0,22.4 / 44.6 ms,2.971132288955547E-4,0.05,0.1,3.0,0.0,0.0,0,0.0,0.0,0.00 deg,0.0,IDLE,0.003,-0.0,-0.0,0,0.0,50.0,BLUE,67 us,17490 us,45 us,50 us,11096 us,2.5509880932678624E-5,-1.9769006001755716E-5,50.00 deg,0.0,0.0,0.0,0.0,-0.0,-0.0,-0.0,-0.0,0.0 us,0.0 us,0.0 us,0.0 us,false,""
14:17:15.170,MANUAL,0.0,50.0,23.9 / 41.8 ms,3.073585126505738E-4,0.05,0.1,3.0,0.0,0.0,0,0.0,0.0,0.00 deg,0.0,IDLE,0.003,-0.0,-0.0,0,0.0,50.0,BLUE,90 us,19948 us,46 us,69 us,11214 us,2.638953389585253E-5,-2.04506933351788E-5,50.00 deg,0.0,0.0,0.0,0.0,-0.0,-0.0,-0.0,-0.0,0.0 us,0.0 us,0.0 us,0.0 us,false,""
14:17:15.229,MANUAL,0.0,50.0,22.1 / 45.3 ms,3.039434180655674E-4,0.05,0.1,3.0,0.0,0.0,0,0.0,0.0,0.00 deg,0.0,IDLE,0.0,-0.0,-0.0,0,0.0,50.0,BLUE,69 us,19098 us,46 us,56 us,10885 us,2.6096316241461226E-5,-2.022346346015771E-5,50.00 deg,0.0,0.0,0.0,0.0,-0.0,-0.0,-0.0,-0.0,0.0 us,0.0 us,0.0 us,0.0 us,false,""
14:17:15.275,MANUAL,0.0,50.0,17.0 / 58.7 ms,3.1077360723558004E-4,0.05,0.1,3.0,0.0,0.0,0,0.0,0.0,0.00 deg,0.0,IDLE,0.0,-0.0,-0.0,0,0.0,50.0,BLUE,58 us,17593 us,35 us,13101 us,15297 us,2.6682753841884023E-5,-2.06779209185597E-5,50.00 deg,0.0,0.0,0.0,0.0,-0.0,-0.0,-0.0,-0.0,0.0 us,0.0 us,0.0 us,0.0 us,false,""
14:17:15.324,MANUAL,0.0,50.0,21.7 / 46.0 ms,3.346792693306248E-4,0.05,0.1,3.0,0.0,0.0,0,0.0,0.0,0.00 deg,0.0,IDLE,0.0,-0.0,-0.0,0,0.0,50.0,BLUE,86 us,21828 us,38 us,47 us,10515 us,2.8735275130982946E-5,-2.2268527752067163E-5,50.00 deg,0.0,0.0,0.0,0.0,-0.0,-0.0,-0.0,-0.0,0.0 us,0.0 us,0.0 us,0.0 us,false,""
14:17:15.361,MANUAL,0.0,50.0,20.4 / 49.0 ms,3.346792693306248E-4,0.05,0.1,3.0,0.0,0.0,0,0.0,0.0,0.00 deg,0.0,IDLE,0.0,-0.0,-0.0,0,0.0,50.0,BLUE,64 us,16031 us,28 us,47 us,9981 us,2.8735275130982946E-5,-2.2268527752067163E-5,50.00 deg,0.0,0.0,0.0,0.0,-0.0,-0.0,-0.0,-0.0,0.0 us,0.0 us,0.0 us,0.0 us,false,""
14:17:15.412,MANUAL,0.0,50.0,26.6 / 37.6 ms,3.4150945850063756E-4,0.05,0.1,3.0,0.0,0.0,0,0.0,0.0,0.00 deg,0.0,IDLE,0.0,-0.0,-0.0,0,0.0,50.0,BLUE,212 us,22518 us,34 us,35 us,14828 us,2.9321710439765545E-5,-2.272298291882896E-5,50.00 deg,0.0,0.0,0.0,0.0,-0.0,-0.0,-0.0,-0.0,0.0 us,0.0 us,0.0 us,0.0 us,false,""
14:17:15.456,MANUAL,0.0,50.0,19.7 / 50.7 ms,3.44924553085644E-4,0.05,0.1,3.0,0.0,0.0,0,0.0,0.0,0.00 deg,0.0,IDLE,0.003,-0.0,-0.0,0,0.0,50.0,BLUE,63 us,19188 us,38 us,44 us,10965 us,2.9614925802516658E-5,-2.2950208210569668E-5,50.00 deg,0.0,0.0,0.0,0.0,-0.0,-0.0,-0.0,-0.0,0.0 us,0.0 us,0.0 us,0.0 us,false,""
14:17:15.519,MANUAL,0.0,50.0,23.0 / 43.5 ms,3.44924553085644E-4,0.05,0.1,3.0,0.0,0.0,0,0.0,0.0,0.00 deg,0.0,IDLE,0.003,-0.0,-0.0,0,0.0,50.0,BLUE,60 us,18133 us,37 us,45 us,9695 us,2.9614925802516658E-5,-2.2950208210569668E-5,50.00 deg,0.0,0.0,0.0,0.0,-0.0,-0.0,-0.0,-0.0,0.0 us,0.0 us,0.0 us,0.0 us,false,""
14:17:15.559,MANUAL,0.0,50.0,15.7 / 63.6 ms,3.6541512059568216E-4,0.05,0.1,3.0,0.0,0.0,0,0.0,0.0,0.00 deg,0.0,IDLE,0.0,-0.0,-0.0,0,0.0,50.0,BLUE,55 us,20749 us,26 us,9686 us,3446 us,3.1374231728864465E-5,-2.4313576002495262E-5,50.00 deg,0.0,0.0,0.0,0.0,-0.0,-0.0,-0.0,-0.0,0.0 us,0.0 us,0.0 us,0.0 us,false,""